feature,importance_gain,importance_split
x_1440m_RatioSkewDiff_neut,8589554.0,5
x_1440m_NetTaker_neut,5657050.0,2
x_1440m_Close_Diff_Rate_neut,4586690.0,1
x_1440m_RVol,4033991.0,3
x_5m_O2L,3579400.0,1
x_5m_WhaleGap,3358388.0,5
x_480m_OI_Chg,3312909.0,2
x_480m_L2C,2992804.0,4
x_1440m_H2C,2868253.0,2
x_1440m_EffRatio_neut,2726320.0,1
x_120m_Close_Diff_Rate_neut,2377556.0,2
x_1440m_L2C_neut,2052213.0,3
x_720m_OI_Price_Ratio_neut,1990384.0,2
x_1440m_O2L,1896344.0,2
x_720m_EffRatio,1761330.0,1
x_120m_L2C,1621720.0,2
x_5m_L2C,1449430.0,1
x_120m_Vol,1379731.0,2
x_240m_OI_P_Corr,1279010.0,1
x_15m_O2L,1192920.0,2
x_30m_O2L,1148800.0,1
x_120m_CrowdingPressure_neut,1107570.0,1
x_15m_OI_Chg,1011920.0,1
x_5m_O2C,922654.0,1
x_480m_RatioSkewDiff_neut,765706.0,1
x_120m_PremiumDiff_neut,745851.0,1
x_480m_H2L_Vol,643023.0,1
x_5m_O2C_neut,623348.0,1
x_1m_H2L_Vol,534350.0,1
x_5m_H2L_Vol_neut,529029.0,1
x_120m_H2C_neut,487414.0,1
x_720m_O2L_neut,478125.0,1
x_5m_PremiumDiff_neut,430686.0,1
x_240m_O2C,428385.0,1
x_30m_L2C_neut,403953.0,1
x_60m_Close_Diff_Rate,395872.0,1
x_480m_PremiumDiff_neut,0.0,0
x_480m_O2C_neut,0.0,0
x_480m_Close_Diff_Rate,0.0,0
x_480m_EffRatio,0.0,0
x_5m_O2H_neut,0.0,0
x_480m_EffRatio_neut,0.0,0
x_480m_H2C_neut,0.0,0
x_480m_L2C_neut,0.0,0
x_5m_O2H,0.0,0
x_480m_NetTaker_neut,0.0,0
x_480m_O2H_neut,0.0,0
x_5m_C2VWAP,0.0,0
x_5m_L2C_neut,0.0,0
x_5m_OI_Chg,0.0,0
x_480m_O2L,0.0,0
x_480m_O2L_neut,0.0,0
x_480m_PremiumDiff,0.0,0
x_5m_H2C_neut,0.0,0
x_5m_H2C,0.0,0
x_5m_C2VWAP_neut,0.0,0
x_5m_O2L_neut,0.0,0
x_120m_C2VWAP_neut,0.0,0
x_5m_PctB_neut,0.0,0
x_720m_O2H_neut,0.0,0
x_60m_Vol_neut,0.0,0
x_720m_Close_Diff_Rate_neut,0.0,0
x_720m_H2C_neut,0.0,0
x_720m_H2L_Vol,0.0,0
x_720m_O2C_neut,0.0,0
x_720m_O2H,0.0,0
x_720m_O2L,0.0,0
x_60m_PremiumDiff,0.0,0
x_720m_OI_Chg_neut,0.0,0
x_720m_OI_Price_Ratio,0.0,0
x_720m_OI_XSkew,0.0,0
x_720m_OI_Z,0.0,0
x_720m_OI_Z_neut,0.0,0
x_720m_PremiumDiff,0.0,0
x_60m_PremiumDiff_neut,0.0,0
x_60m_OI_Price_Ratio,0.0,0
x_5m_PremiumDiff,0.0,0
x_60m_EffRatio_neut,0.0,0
x_5m_Premium_neut,0.0,0
x_5m_RVol,0.0,0
x_5m_RVol_neut,0.0,0
x_5m_RatioSkew_neut,0.0,0
x_30m_PremiumDiff,0.0,0
x_60m_EffRatio,0.0,0
x_60m_H2C,0.0,0
x_60m_OI_Chg_neut,0.0,0
x_60m_H2L_Vol_neut,0.0,0
x_60m_O2H,0.0,0
x_60m_O2H_neut,0.0,0
x_60m_O2L,0.0,0
x_60m_O2L_neut,0.0,0
x_60m_OI_Chg,0.0,0
x_30m_PremiumDiff_neut,0.0,0
x_240m_PctB_neut,0.0,0
x_30m_OI_Chg_neut,0.0,0
x_30m_OI_Chg,0.0,0
x_1440m_O2H_neut,0.0,0
x_1440m_O2L_neut,0.0,0
x_1440m_OI_Chg,0.0,0
x_1440m_OI_Chg_neut,0.0,0
x_1440m_OI_Price_Ratio_neut,0.0,0
x_1440m_PctB,0.0,0
x_1440m_PctB_neut,0.0,0
x_1440m_Premium,0.0,0
x_1440m_PremiumDiff,0.0,0
x_1440m_PremiumDiff_neut,0.0,0
x_15m_H2C,0.0,0
x_15m_H2C_neut,0.0,0
x_15m_H2L_Vol,0.0,0
x_15m_L2C,0.0,0
x_15m_O2H,0.0,0
x_1440m_O2H,0.0,0
x_1440m_O2C_neut,0.0,0
x_1440m_L2C,0.0,0
x_120m_O2L,0.0,0
x_120m_H2C,0.0,0
x_120m_H2L_Vol,0.0,0
x_120m_L2C_neut,0.0,0
x_120m_NetTaker_neut,0.0,0
x_120m_O2H,0.0,0
x_120m_O2H_neut,0.0,0
x_120m_O2L_neut,0.0,0
x_1440m_H2C_neut,0.0,0
x_120m_OI_Chg,0.0,0
x_120m_OI_Chg_neut,0.0,0
x_120m_PremiumDiff,0.0,0
x_120m_VolDiff_neut,0.0,0
x_120m_Vol_neut,0.0,0
x_1440m_EffRatio,0.0,0
x_15m_O2H_neut,0.0,0
x_15m_O2L_neut,0.0,0
x_15m_OI_Chg_neut,0.0,0
x_240m_OI_Chg_neut,0.0,0
x_240m_NetTaker_neut,0.0,0
x_240m_O2H,0.0,0
x_240m_O2H_neut,0.0,0
x_240m_O2L,0.0,0
x_240m_O2L_neut,0.0,0
x_240m_OI_Chg,0.0,0
x_120m_Close_Diff_Rate,0.0,0
x_240m_C2VWAP_neut,0.0,0
x_240m_PremiumDiff,0.0,0
x_240m_PremiumDiff_neut,0.0,0
x_30m_O2C,0.0,0
x_30m_O2H,0.0,0
x_30m_O2H_neut,0.0,0
x_30m_O2L_neut,0.0,0
x_240m_EffRatio_neut,0.0,0
x_1m_Premium_neut,0.0,0
x_15m_PremiumDiff,0.0,0
x_1m_H2L_Vol_neut,0.0,0
x_15m_PremiumDiff_neut,0.0,0
x_15m_RatioSkewDiff_neut,0.0,0
x_1m_C2VWAP,0.0,0
x_1m_C2VWAP_neut,0.0,0
x_1m_H2C,0.0,0
x_1m_H2C_neut,0.0,0
x_1m_L2C,0.0,0
x_1m_PremiumDiff_neut,0.0,0
x_1m_L2C_neut,0.0,0
x_1m_O2H_neut,0.0,0
x_1m_O2L,0.0,0
x_1m_O2L_neut,0.0,0
x_1m_Premium,0.0,0
x_1m_PremiumDiff,0.0,0
x_720m_PremiumDiff_neut,0.0,0
